caseid,centre,lCS_junctions,rCS_junctions
sub-via156,CFIN,"{1: 5, 5: 2, 8: 3, 10: 2}","{1: 4, 2: 6, 5: 4}"
sub-via153,CFIN,"{2: 2, 3: 2}",{3: 7}
sub-via248,CFIN,"{1: 2, 2: 2, 3: 2, 4: 3, 5: 2}","{1: 2, 2: 3, 4: 2, 5: 2, 8: 2, 9: 3}"
sub-via323,CFIN,"{3: 2, 4: 2, 5: 2, 7: 2}",{}
sub-via059,CFIN,{4: 3},"{1: 2, 3: 3, 4: 2}"
sub-via339,CFIN,"{1: 6, 3: 2, 5: 2}","{1: 6, 2: 2, 3: 2}"
sub-via227,CFIN,"{1: 2, 2: 12, 3: 7, 4: 3, 6: 3, 7: 5, 8: 2}","{2: 3, 3: 3}"
sub-via276,CFIN,"{1: 3, 3: 6, 6: 2}",{3: 2}
sub-via458,CFIN,{},"{2: 2, 3: 3, 5: 2}"
sub-via310,CFIN,"{5: 5, 7: 2, 8: 2, 10: 2}","{1: 4, 2: 2, 6: 2, 7: 6, 8: 3}"
sub-via515,CFIN,"{1: 4, 2: 2, 3: 2, 5: 2, 6: 2, 8: 8}","{3: 3, 5: 2, 6: 2}"
sub-via379,CFIN,"{3: 3, 4: 2}","{1: 3, 3: 4}"
sub-via119,CFIN,"{1: 2, 2: 2, 3: 4, 4: 8, 7: 2, 8: 3}","{2: 2, 3: 3}"
sub-via439,CFIN,"{2: 3, 3: 3}","{1: 2, 2: 2, 3: 5}"
sub-via466,CFIN,"{1: 2, 4: 3, 5: 3, 6: 6, 7: 2, 8: 2, 9: 2, 11: 2, 15: 4}","{5: 3, 8: 2, 9: 3, 10: 3, 11: 3, 13: 2}"
sub-via333,CFIN,"{3: 4, 5: 2, 6: 2, 9: 2}","{2: 2, 3: 2, 9: 6}"
sub-via366,CFIN,"{2: 2, 5: 2}","{1: 4, 2: 3, 4: 2}"
sub-via431,CFIN,"{3: 2, 4: 7, 5: 4, 7: 2, 10: 2, 11: 2}","{5: 2, 6: 3, 7: 2, 8: 4, 9: 2}"
sub-via456,CFIN,"{1: 2, 2: 5, 6: 2, 7: 2}","{1: 2, 2: 3, 4: 4, 5: 2}"
sub-via501,CFIN,"{3: 2, 5: 4}","{6: 2, 9: 2, 10: 2}"
sub-via512,CFIN,{2: 3},"{3: 4, 6: 2}"
sub-via086,CFIN,"{1: 5, 2: 6, 5: 3}","{1: 2, 2: 2, 3: 2}"
sub-via229,CFIN,"{1: 2, 3: 3, 5: 4, 6: 2, 7: 4}","{1: 4, 2: 3, 4: 2, 11: 2}"
sub-via283,CFIN,{},{}
sub-via313,CFIN,"{1: 2, 2: 2, 3: 2, 10: 3}","{1: 6, 5: 3}"
sub-via343,CFIN,{},{}
sub-via383,CFIN,"{1: 6, 2: 4, 5: 2, 7: 2}","{1: 4, 2: 3, 3: 3}"
sub-via441,CFIN,{3: 2},"{3: 2, 4: 3, 5: 2, 7: 3}"
sub-via473,CFIN,{3: 2},"{2: 2, 4: 2, 6: 2}"
sub-via403,CFIN,"{1: 4, 2: 7}",{1: 2}
sub-via424,CFIN,"{3: 8, 4: 2}","{1: 2, 2: 2, 3: 3, 6: 6}"
sub-via163,CFIN,"{2: 5, 4: 5, 6: 2}","{3: 2, 8: 3}"
sub-via256,CFIN,"{2: 2, 3: 5, 6: 3}","{3: 2, 6: 3, 7: 2, 9: 2, 10: 7, 11: 2}"
sub-via299,CFIN,"{2: 2, 8: 2}","{4: 4, 5: 2, 7: 6, 8: 2}"
sub-via330,CFIN,"{2: 2, 4: 2, 6: 2}","{2: 4, 5: 4}"
sub-via363,CFIN,"{1: 2, 6: 2, 7: 2}","{2: 2, 3: 2}"
sub-via453,CFIN,{1: 2},{3: 3}
sub-via493,CFIN,"{4: 2, 6: 3, 7: 2}","{1: 3, 3: 2}"
sub-via213,CFIN,"{1: 4, 3: 2, 5: 8}","{1: 2, 2: 2, 3: 2, 4: 3, 5: 3}"
sub-via154,CFIN,"{2: 4, 3: 2}","{2: 2, 6: 2}"
sub-via250,CFIN,"{2: 3, 4: 4, 5: 2, 6: 9, 10: 2}","{1: 2, 2: 2, 3: 2, 7: 3, 8: 2}"
sub-via338,CFIN,"{1: 3, 2: 2, 3: 6}","{2: 3, 3: 2, 11: 2}"
sub-via378,CFIN,"{1: 2, 2: 2, 3: 2, 4: 3}","{3: 4, 5: 4, 6: 3, 7: 2}"
sub-via459,CFIN,"{1: 2, 3: 2, 4: 2}","{2: 5, 6: 2}"
sub-via517,CFIN,"{1: 2, 2: 2, 3: 2, 4: 8, 6: 4, 7: 2}","{3: 2, 5: 2, 6: 3, 7: 2}"
sub-via336,CFIN,{},{1: 2}
sub-via104,CFIN,"{2: 5, 3: 2}","{1: 2, 6: 3, 8: 3, 9: 3, 10: 3}"
sub-via126,CFIN,"{1: 6, 2: 4, 3: 4, 4: 2, 5: 5, 6: 8}","{2: 2, 3: 2, 4: 4}"
sub-via287,CFIN,"{1: 4, 2: 2}",{6: 2}
sub-via231,CFIN,"{1: 3, 2: 2, 4: 6, 6: 4, 7: 2}",{2: 3}
sub-via348,CFIN,"{2: 2, 3: 4}",{}
sub-via389,CFIN,"{2: 8, 3: 3, 4: 3, 6: 2, 10: 3}",{3: 2}
sub-via442,CFIN,"{3: 4, 8: 8}","{1: 2, 4: 3, 5: 2, 8: 2}"
sub-via481,CFIN,"{2: 4, 3: 7}","{1: 2, 2: 4}"
sub-via490,CFIN,"{2: 3, 6: 2, 10: 4}","{2: 2, 3: 5, 4: 2, 7: 3, 9: 8}"
sub-via296,CFIN,"{1: 7, 3: 2}","{4: 2, 6: 2, 8: 9, 9: 4}"
sub-via325,CFIN,"{2: 3, 4: 2, 6: 3}","{2: 3, 4: 7}"
sub-via393,CFIN,"{1: 3, 3: 2, 5: 2, 6: 4}",{2: 6}
sub-via450,CFIN,"{1: 2, 4: 3, 6: 2, 7: 3, 8: 2}",{}
sub-via488,CFIN,"{2: 2, 3: 2, 5: 2}","{4: 2, 5: 2, 6: 2, 7: 2}"
sub-via160,CFIN,"{5: 2, 8: 2, 9: 2, 11: 2, 12: 2}","{3: 8, 4: 2, 6: 2, 7: 3}"
sub-via317,CFIN,"{2: 2, 3: 3, 4: 3, 7: 2}","{1: 2, 2: 3, 5: 4, 6: 2}"
sub-via085,CFIN,{1: 4},"{1: 2, 2: 3}"
sub-via254,CFIN,{3: 2},"{1: 5, 2: 6}"
sub-via054,CFIN,"{1: 3, 3: 7, 4: 2}","{4: 2, 5: 3}"
sub-via298,CFIN,"{1: 2, 3: 3, 5: 2, 9: 2}","{8: 2, 9: 2}"
sub-via328,CFIN,"{4: 4, 5: 2, 6: 6, 10: 2}","{2: 2, 5: 2, 6: 2}"
sub-via362,CFIN,"{2: 5, 3: 2}","{3: 3, 6: 3, 7: 3}"
sub-via399,CFIN,"{4: 2, 5: 3, 7: 4, 8: 2}","{2: 3, 3: 3, 4: 8}"
sub-via423,CFIN,"{1: 2, 4: 8, 5: 2, 6: 3, 10: 2}",{2: 6}
sub-via209,CFIN,"{7: 2, 8: 2}",{4: 3}
sub-via224,CFIN,"{1: 2, 2: 2, 3: 5, 4: 2, 5: 2}","{1: 2, 2: 2, 3: 2, 5: 5}"
sub-via275,CFIN,"{1: 2, 2: 3, 5: 2}","{3: 2, 6: 6, 8: 2}"
sub-via309,CFIN,"{1: 2, 5: 6, 7: 2, 8: 4, 10: 3, 11: 3}","{2: 2, 6: 5}"
sub-via228,CFIN,"{1: 6, 6: 4, 9: 3}","{1: 3, 2: 3, 4: 3}"
sub-via279,CFIN,"{1: 5, 2: 6, 3: 2, 5: 3, 6: 3}",{3: 9}
sub-via311,CFIN,"{1: 4, 5: 4, 6: 2}","{8: 4, 10: 2, 12: 4, 14: 2, 15: 2, 16: 2, 17: 3, 22: 2, 23: 4}"
sub-via455,CFIN,"{1: 4, 2: 4}","{1: 2, 2: 2, 4: 4}"
sub-via340,CFIN,"{3: 6, 5: 3, 7: 2}",{2: 3}
sub-via380,CFIN,"{1: 2, 3: 3, 4: 3, 5: 2}","{1: 2, 5: 4, 8: 2}"
sub-via440,CFIN,"{2: 3, 3: 2, 5: 3, 9: 2}","{1: 3, 4: 3, 5: 3, 6: 2}"
sub-via467,CFIN,"{1: 2, 2: 2, 3: 5, 6: 4}",{4: 2}
sub-via522,CFIN,"{2: 2, 3: 5, 6: 3}","{1: 5, 3: 2, 7: 2}"
sub-via201,CFIN,"{5: 2, 7: 2}","{1: 3, 4: 3, 5: 6}"
sub-via207,CFIN,"{1: 6, 2: 2, 3: 2, 4: 2, 5: 2, 9: 4, 11: 2}","{6: 2, 8: 5, 9: 4, 10: 2, 11: 2, 12: 2}"
sub-via219,CFIN,"{2: 4, 3: 2, 4: 4, 5: 2, 7: 2}","{1: 2, 2: 2}"
sub-via304,CFIN,"{4: 4, 5: 2, 7: 5}",{}
sub-via273,CFIN,"{2: 4, 4: 2, 5: 3}",{2: 4}
sub-via372,CFIN,{},"{2: 2, 3: 2, 7: 8, 8: 9, 9: 2}"
sub-via433,CFIN,"{2: 3, 3: 2, 4: 2}","{1: 14, 2: 2}"
sub-via457,CFIN,"{1: 3, 3: 2, 4: 2, 6: 2}","{2: 4, 3: 3, 5: 2, 6: 3, 7: 2}"
sub-via506,CFIN,"{1: 2, 2: 4, 5: 5}","{1: 11, 4: 6, 6: 2, 7: 2}"
sub-via513,CFIN,"{4: 4, 5: 2, 6: 4}","{1: 3, 3: 2, 4: 6, 7: 2}"
sub-via171,CFIN,"{1: 2, 3: 9}",{2: 11}
sub-via205,CFIN,"{1: 6, 3: 2, 4: 2, 7: 2, 8: 7}","{3: 4, 4: 2, 6: 3, 9: 2}"
sub-via118,CFIN,"{1: 3, 3: 3, 4: 4}","{1: 2, 3: 2, 4: 3, 5: 2}"
sub-via152,CFIN,"{2: 2, 3: 4, 5: 2, 8: 2, 9: 2, 11: 2}","{2: 3, 3: 2}"
sub-via259,CFIN,"{1: 3, 2: 2}","{2: 2, 3: 4, 7: 3}"
sub-via300,CFIN,"{1: 3, 2: 5, 4: 7}","{3: 2, 4: 2, 6: 2, 7: 3}"
sub-via331,CFIN,"{1: 2, 2: 3, 3: 2, 4: 2, 5: 3, 6: 2}","{1: 3, 2: 3, 4: 2, 7: 8}"
sub-via364,CFIN,"{1: 2, 3: 3, 4: 2, 5: 9}","{1: 4, 6: 6, 10: 3, 12: 3}"
sub-via429,CFIN,{2: 3},{}
sub-via494,CFIN,"{1: 3, 4: 4, 5: 2}",{}
sub-via511,CFIN,"{1: 5, 4: 5}",{}
sub-via238,CFIN,{},"{1: 3, 2: 2, 3: 2}"
sub-via293,CFIN,"{1: 4, 2: 2, 3: 2, 5: 5}",{1: 2}
sub-via320,CFIN,"{4: 4, 5: 2, 8: 3}","{5: 2, 7: 6, 8: 4}"
sub-via355,CFIN,"{1: 2, 3: 2, 4: 3, 7: 2}","{2: 2, 3: 3, 4: 10}"
sub-via391,CFIN,"{1: 7, 5: 3, 11: 2}","{3: 2, 12: 6, 13: 2}"
sub-via444,CFIN,"{1: 2, 2: 3, 3: 3, 5: 2, 6: 3, 7: 2}",{2: 7}
sub-via485,CFIN,"{1: 3, 6: 4, 7: 8, 8: 2}","{2: 10, 3: 2, 7: 2, 8: 2}"
sub-via050,CFIN,"{1: 3, 5: 2, 7: 5, 9: 2}","{2: 2, 8: 2, 10: 3, 12: 4}"
sub-via017,CFIN,"{1: 4, 2: 2, 4: 9}","{2: 2, 5: 2}"
sub-via010,CFIN,"{2: 4, 4: 3, 6: 4, 7: 2}","{2: 3, 3: 2, 4: 4, 7: 4, 8: 2}"
sub-via051,CFIN,"{2: 5, 4: 2}",{}
sub-via019,CFIN,"{1: 2, 3: 4, 6: 2, 8: 2, 11: 3}","{1: 2, 2: 2, 3: 2, 5: 2}"
sub-via018,CFIN,"{2: 2, 4: 2, 5: 2, 9: 5, 10: 2}",{}
sub-via013,CFIN,"{1: 11, 2: 3, 3: 4, 4: 2, 5: 2, 6: 8, 7: 4, 8: 3, 9: 2, 10: 2, 11: 2}","{1: 2, 4: 3, 7: 2, 8: 3}"
sub-via052,CFIN,"{1: 3, 6: 2}","{1: 2, 2: 3, 4: 4}"
sub-via015,CFIN,"{1: 3, 3: 3, 4: 2}","{1: 2, 3: 3, 4: 2, 6: 2}"
sub-via014,CFIN,"{1: 2, 2: 2, 4: 2, 7: 2}","{2: 2, 3: 6, 5: 3, 6: 3, 7: 2, 8: 3}"
sub-via451,CFIN,"{3: 4, 4: 2}",{}
sub-via396,CFIN,"{4: 4, 5: 6, 7: 3, 9: 2}",{}
sub-via422,CFIN,"{4: 4, 5: 6, 6: 2}","{1: 2, 2: 5, 3: 6}"
sub-via519,CFIN,"{1: 6, 3: 3, 4: 8}","{1: 5, 2: 2}"
sub-via235,CFIN,"{3: 3, 5: 2, 6: 3}",{2: 2}
sub-via289,CFIN,"{3: 5, 5: 2}","{2: 3, 3: 2, 4: 2}"
sub-via351,CFIN,"{5: 3, 8: 2}","{1: 2, 3: 5, 4: 2}"
sub-via319,CFIN,"{3: 2, 4: 5, 5: 2}","{1: 3, 2: 3}"
sub-via390,CFIN,"{2: 3, 6: 5, 7: 2}","{1: 2, 3: 2, 4: 2, 5: 2, 6: 2, 7: 2, 8: 4}"
sub-via483,CFIN,"{1: 7, 2: 3, 6: 2}","{1: 2, 3: 5, 4: 3, 5: 2, 6: 3, 8: 8, 9: 2}"
sub-via114,CFIN,"{6: 2, 7: 2}","{2: 3, 4: 3, 5: 3, 7: 3, 8: 5}"
sub-via151,CFIN,"{4: 2, 5: 2, 6: 2, 7: 2}","{3: 2, 5: 2}"
sub-via053,CFIN,"{2: 3, 3: 5, 5: 4}",{4: 2}
sub-via208,CFIN,"{3: 3, 4: 4, 9: 4}",{2: 2}
sub-via220,CFIN,"{1: 2, 2: 3, 6: 2, 7: 3}","{2: 2, 5: 2}"
sub-via274,CFIN,"{1: 9, 3: 3, 4: 3, 5: 4, 8: 2, 9: 3, 10: 2, 11: 3, 16: 2}","{2: 2, 4: 2, 5: 3, 7: 3, 9: 4, 10: 2}"
sub-via305,CFIN,"{1: 3, 4: 3}","{1: 3, 3: 6}"
sub-via337,CFIN,"{1: 3, 2: 2, 3: 2}",{2: 4}
sub-via375,CFIN,"{1: 5, 2: 2, 3: 4, 5: 5, 6: 4, 7: 2, 9: 2, 10: 3, 11: 2, 13: 3}","{2: 2, 7: 4, 10: 2, 12: 2, 14: 2, 15: 2, 16: 3, 19: 3, 24: 2}"
sub-via435,CFIN,{1: 2},{}
sub-via443,CFIN,"{4: 2, 5: 2, 6: 2, 9: 2, 12: 3}",{3: 2}
sub-via356,CFIN,"{7: 3, 8: 6, 9: 2, 10: 2, 11: 2}","{3: 3, 4: 4, 8: 2, 9: 3}"
sub-via392,CFIN,"{2: 6, 5: 2, 6: 5, 8: 5, 10: 2, 11: 3}","{2: 13, 3: 2, 4: 3}"
sub-via446,CFIN,"{1: 4, 2: 4, 3: 2}","{2: 2, 3: 3, 4: 4}"
sub-via253,CFIN,"{1: 2, 3: 7, 4: 3, 6: 3}","{2: 5, 4: 5}"
sub-via486,CFIN,"{2: 2, 3: 9, 6: 4}","{1: 2, 3: 2, 5: 4}"
sub-via297,CFIN,"{1: 3, 4: 3}",{6: 2}
sub-via326,CFIN,"{1: 2, 5: 2}","{1: 4, 3: 2, 5: 3, 6: 2}"
sub-via173,CFIN,"{1: 2, 2: 5, 3: 2, 4: 2}",{1: 3}
sub-via206,CFIN,"{1: 4, 2: 4, 4: 2, 5: 5}","{3: 2, 7: 4, 8: 2, 11: 8}"
sub-via214,CFIN,"{3: 3, 4: 5}",{3: 3}
sub-via269,CFIN,"{1: 6, 2: 2, 3: 2, 4: 3}","{1: 2, 4: 4, 5: 5}"
sub-via303,CFIN,"{1: 4, 3: 2}",{5: 2}
sub-via361,CFIN,"{3: 2, 8: 2, 9: 2}","{4: 2, 5: 3, 6: 2, 7: 2}"
sub-via489,CFIN,"{2: 3, 3: 3}","{1: 2, 3: 3, 5: 3}"
sub-via294,CFIN,"{1: 2, 2: 5, 3: 5}",{3: 2}
sub-via438,CFIN,"{1: 3, 3: 3, 5: 2}","{2: 2, 3: 2}"
sub-via452,CFIN,{5: 5},"{1: 2, 5: 5}"
sub-via358,CFIN,"{1: 6, 2: 5, 3: 2, 5: 19, 7: 2}","{3: 2, 7: 2, 8: 2}"
sub-via405,DRCMR,"{1: 2, 3: 5, 5: 6}","{1: 2, 6: 4}"
sub-via407,DRCMR,"{1: 2, 5: 3}",{}
sub-via078,DRCMR,"{1: 2, 3: 2}",{1: 7}
sub-via448,DRCMR,"{2: 3, 3: 2, 4: 3, 5: 5, 7: 2}",{2: 2}
sub-via462,DRCMR,"{1: 4, 6: 4, 7: 7, 9: 7}","{4: 2, 5: 2, 7: 5}"
sub-via449,DRCMR,{2: 3},"{1: 2, 4: 3, 6: 9, 7: 2}"
sub-via476,DRCMR,"{1: 5, 3: 5, 5: 2, 8: 2}",{4: 4}
sub-via471,DRCMR,"{1: 5, 4: 5, 6: 2}",{4: 3}
sub-via282,DRCMR,"{5: 4, 6: 4, 8: 6, 9: 4}","{6: 4, 7: 2, 8: 2}"
sub-via499,DRCMR,"{3: 2, 4: 4, 7: 2, 9: 2}","{6: 4, 8: 2, 9: 3, 10: 4}"
sub-via387,DRCMR,"{2: 3, 4: 2, 5: 3}","{3: 2, 6: 3, 7: 5}"
sub-via044,DRCMR,"{1: 3, 3: 3, 4: 3}","{1: 2, 2: 2}"
sub-via353,DRCMR,"{2: 5, 3: 3, 5: 2, 8: 5}",{4: 2}
sub-via402,DRCMR,{1: 2},"{3: 4, 5: 6}"
sub-via416,DRCMR,{1: 2},"{2: 3, 4: 2}"
sub-via004,DRCMR,"{1: 2, 2: 4}","{1: 3, 2: 2}"
sub-via064,DRCMR,"{1: 2, 5: 4, 7: 2, 8: 2, 13: 2, 15: 3, 16: 2}","{1: 3, 2: 2, 5: 5, 6: 2}"
sub-via097,DRCMR,{3: 3},{}
sub-via088,DRCMR,"{3: 4, 4: 2}",{3: 2}
sub-via400,DRCMR,"{1: 2, 5: 2, 6: 4}",{}
sub-via408,DRCMR,"{2: 3, 3: 3, 5: 2, 6: 5, 7: 3, 9: 2}","{1: 3, 2: 7, 3: 5, 4: 2}"
sub-via504,DRCMR,{3: 3},"{1: 5, 2: 5}"
sub-via070,DRCMR,"{1: 2, 3: 4, 4: 2}",{5: 3}
sub-via384,DRCMR,"{1: 2, 2: 7, 7: 6, 10: 2}","{1: 6, 2: 3, 4: 2, 5: 2}"
sub-via508,DRCMR,"{4: 2, 6: 3}","{3: 2, 4: 3}"
sub-via388,DRCMR,"{1: 4, 2: 2, 3: 2, 4: 3, 6: 2}","{2: 2, 4: 4}"
sub-via410,DRCMR,"{1: 4, 2: 2, 6: 6, 7: 2}","{1: 2, 3: 2, 7: 4}"
sub-via049,DRCMR,"{1: 3, 2: 2, 3: 4, 4: 2, 5: 2, 6: 2}","{1: 2, 2: 5, 4: 2, 5: 4, 6: 3}"
sub-via091,DRCMR,"{1: 2, 2: 3, 3: 3}",{1: 3}
sub-via411,DRCMR,"{2: 2, 3: 3, 4: 2, 5: 3, 6: 4, 7: 2}","{2: 4, 7: 2, 11: 3}"
sub-via385,DRCMR,{3: 2},"{1: 2, 2: 2, 4: 5, 6: 2}"
sub-via077,DRCMR,"{1: 3, 5: 3, 7: 3, 10: 2}",{2: 2}
sub-via039,DRCMR,"{1: 3, 2: 3}","{2: 2, 6: 2, 9: 6}"
sub-via083,DRCMR,"{1: 2, 2: 13}",{1: 2}
sub-via037,DRCMR,"{1: 4, 3: 2, 4: 2, 5: 3, 6: 2, 8: 2}","{1: 2, 2: 2, 3: 4}"
sub-via081,DRCMR,"{4: 4, 5: 2}",{}
sub-via134,DRCMR,"{1: 3, 5: 3, 6: 3, 7: 2, 8: 2, 9: 10}",{}
sub-via020,DRCMR,"{3: 2, 4: 2}","{1: 3, 3: 2}"
sub-via068,DRCMR,"{3: 5, 8: 5, 9: 2, 11: 5}","{4: 3, 5: 2, 6: 4}"
sub-via100,DRCMR,"{4: 2, 5: 3, 11: 2}","{2: 3, 3: 3, 7: 5}"
sub-via478,DRCMR,"{1: 3, 5: 2, 6: 2}","{1: 5, 5: 2, 6: 2, 7: 2, 8: 2, 9: 3}"
sub-via109,DRCMR,"{4: 2, 5: 2, 8: 3, 9: 2}","{2: 3, 3: 6, 4: 2}"
sub-via344,DRCMR,"{3: 5, 5: 5, 6: 2, 8: 2, 9: 2, 10: 2}","{3: 4, 4: 2, 5: 2, 8: 2}"
sub-via249,DRCMR,"{1: 4, 2: 2, 9: 2}","{1: 9, 3: 5, 5: 8, 7: 2}"
sub-via125,DRCMR,"{1: 2, 2: 3, 5: 2, 6: 3, 7: 2, 8: 7}",{}
sub-via131,DRCMR,"{1: 4, 2: 4, 3: 2}",{2: 2}
sub-via124,DRCMR,{},"{1: 2, 3: 10}"
sub-via350,DRCMR,"{1: 6, 8: 4}","{2: 4, 3: 3, 4: 2, 5: 5}"
sub-via186,DRCMR,{3: 3},"{2: 4, 4: 2}"
sub-via162,DRCMR,"{4: 2, 5: 2}","{1: 2, 3: 2, 7: 2, 11: 2, 12: 2}"
sub-via175,DRCMR,"{1: 2, 2: 5, 3: 2, 4: 4, 6: 2}","{4: 2, 6: 2}"
sub-via191,DRCMR,"{1: 3, 4: 2, 5: 3}",{}
sub-via005,DRCMR,"{3: 2, 5: 3, 6: 3, 7: 3, 8: 4}","{1: 2, 3: 6}"
sub-via065,DRCMR,"{2: 2, 9: 2}","{2: 2, 3: 2}"
sub-via061,DRCMR,"{2: 2, 5: 2}",{}
sub-via003,DRCMR,"{1: 10, 2: 2, 3: 2, 4: 2, 6: 2}","{1: 2, 5: 2, 6: 4, 7: 3}"
sub-via092,DRCMR,{3: 2},"{1: 2, 2: 2}"
sub-via123,DRCMR,"{6: 3, 7: 2, 8: 2}","{3: 3, 4: 3, 5: 3}"
sub-via102,DRCMR,"{1: 2, 2: 2, 3: 3}",{4: 2}
sub-via149,DRCMR,{2: 2},{}
sub-via245,DRCMR,"{2: 2, 7: 3}",{}
sub-via168,DRCMR,"{1: 2, 3: 3, 4: 6, 7: 4}","{3: 2, 4: 2, 5: 3}"
sub-via262,DRCMR,"{1: 3, 2: 3, 3: 5, 4: 7, 5: 6, 6: 6}","{1: 2, 4: 5, 5: 4, 8: 2}"
sub-via234,DRCMR,"{1: 5, 3: 2, 5: 10, 6: 3, 7: 3}","{1: 2, 3: 2}"
sub-via193,DRCMR,{2: 5},"{1: 3, 2: 2}"
sub-via401,DRCMR,{1: 2},{3: 2}
sub-via412,DRCMR,"{1: 7, 2: 2}",{2: 2}
sub-via110,DRCMR,"{1: 2, 3: 5, 4: 4, 5: 3, 6: 2}","{3: 5, 4: 2, 6: 2}"
sub-via146,DRCMR,"{1: 3, 4: 5, 5: 2}",{}
sub-via302,DRCMR,"{3: 2, 4: 11}","{2: 11, 4: 2, 5: 6, 7: 6, 8: 2}"
sub-via278,DRCMR,"{3: 5, 5: 2, 6: 3}","{2: 2, 3: 2, 4: 4, 5: 5, 6: 2, 7: 2, 8: 2, 9: 2}"
sub-via161,DRCMR,"{1: 2, 3: 2}","{1: 2, 2: 2, 3: 2, 4: 2, 5: 4}"
sub-via288,DRCMR,"{1: 6, 2: 3, 3: 2, 4: 5, 5: 2, 6: 2, 8: 5}","{1: 3, 3: 2}"
sub-via230,DRCMR,"{1: 3, 4: 3, 6: 6, 7: 2}","{1: 3, 2: 7, 5: 7}"
sub-via377,DRCMR,"{1: 4, 6: 2, 7: 2}",{1: 2}
sub-via509,DRCMR,"{1: 4, 2: 4, 3: 2, 4: 2, 6: 2}","{5: 2, 6: 2, 8: 2}"
sub-via098,DRCMR,"{2: 4, 4: 2, 6: 3}","{2: 4, 5: 3, 6: 2}"
sub-via133,DRCMR,"{1: 5, 3: 2}",{3: 2}
sub-via130,DRCMR,"{3: 2, 4: 2, 6: 3, 9: 2}",{3: 4}
sub-via185,DRCMR,"{1: 5, 2: 2}",{}
sub-via196,DRCMR,"{3: 3, 6: 6, 7: 3}","{4: 3, 5: 3}"
sub-via243,DRCMR,"{1: 16, 2: 5, 4: 5, 6: 2}","{1: 2, 4: 2, 6: 4}"
sub-via368,DRCMR,"{3: 3, 4: 3, 9: 3}","{2: 2, 3: 3}"
sub-via267,DRCMR,"{2: 2, 3: 2}",{}
sub-via176,DRCMR,"{2: 2, 4: 2}","{1: 6, 2: 2, 3: 2, 5: 2}"
sub-via139,DRCMR,{1: 4},{3: 2}
sub-via285,DRCMR,"{3: 2, 4: 5}","{1: 3, 2: 3, 3: 6, 5: 5, 7: 2}"
sub-via172,DRCMR,"{1: 6, 2: 3, 5: 4, 7: 4}","{2: 3, 3: 2, 6: 2, 8: 2, 9: 2, 10: 2, 12: 5, 13: 3}"
sub-via150,DRCMR,"{1: 2, 2: 2, 3: 4}","{3: 3, 4: 2, 10: 3}"
sub-via316,DRCMR,{2: 4},"{2: 2, 3: 2, 4: 5, 5: 2}"
sub-via187,DRCMR,{2: 5},"{2: 3, 3: 3, 6: 3}"
sub-via217,DRCMR,{},"{1: 3, 2: 3}"
sub-via046,DRCMR,{2: 2},"{1: 3, 2: 6}"
sub-via090,DRCMR,"{1: 3, 3: 6, 8: 6}","{4: 3, 7: 2}"
sub-via023,DRCMR,"{1: 4, 4: 3}","{1: 2, 2: 4}"
sub-via069,DRCMR,"{2: 2, 3: 2, 6: 5, 10: 4, 11: 3}","{2: 2, 3: 5, 5: 2, 6: 2}"
sub-via101,DRCMR,"{1: 8, 3: 8, 5: 2, 7: 3, 10: 2, 11: 3}","{1: 3, 2: 2, 4: 5, 5: 2, 8: 3, 9: 2}"
sub-via028,DRCMR,"{1: 2, 4: 2, 7: 7, 11: 4}","{5: 2, 6: 4}"
sub-via072,DRCMR,"{1: 2, 8: 2, 9: 3}","{4: 3, 5: 3, 10: 3}"
sub-via127,DRCMR,"{1: 4, 2: 2, 3: 2, 4: 3, 7: 2, 8: 2}",{3: 3}
sub-via135,DRCMR,"{1: 6, 3: 13, 5: 2, 8: 5, 9: 2}","{1: 2, 3: 2, 8: 2}"
sub-via281,DRCMR,"{2: 5, 4: 3, 5: 2, 7: 2}","{1: 5, 3: 3, 5: 2, 7: 2}"
sub-via308,DRCMR,"{1: 3, 3: 2, 5: 4}","{1: 5, 2: 2, 3: 2, 4: 5}"
sub-via277,DRCMR,{2: 2},"{2: 2, 4: 2}"
sub-via265,DRCMR,"{1: 2, 7: 2}","{8: 2, 10: 2, 11: 3, 12: 2}"
sub-via183,DRCMR,"{2: 2, 3: 5}","{2: 2, 4: 2}"
sub-via215,DRCMR,"{2: 3, 6: 7}","{4: 4, 6: 4}"
sub-via418,DRCMR,"{1: 5, 2: 2, 3: 6, 4: 4, 5: 3, 6: 2, 7: 4}","{3: 2, 4: 2, 10: 3}"
sub-via404,DRCMR,"{1: 3, 2: 3, 3: 2}","{2: 7, 3: 4}"
sub-via369,DRCMR,"{1: 2, 3: 4, 4: 5}","{1: 2, 2: 2, 4: 3, 6: 5}"
sub-via518,DRCMR,"{1: 3, 3: 5, 4: 2, 5: 4, 9: 2}",{12: 5}
sub-via043,DRCMR,"{1: 3, 2: 3, 3: 3, 4: 4, 5: 4, 6: 2, 7: 2}",{}
sub-via087,DRCMR,"{3: 6, 6: 2, 7: 2}","{2: 2, 3: 2}"
sub-via365,DRCMR,"{2: 2, 3: 7, 7: 3, 8: 2}","{3: 2, 6: 5}"
sub-via495,DRCMR,"{1: 5, 2: 2, 3: 4, 4: 2, 6: 3, 10: 3}","{1: 5, 3: 2, 4: 2, 5: 3, 7: 4}"
sub-via038,DRCMR,"{1: 2, 2: 5, 3: 6, 4: 2, 5: 5, 8: 4, 9: 2}","{1: 2, 5: 2, 6: 3}"
sub-via082,DRCMR,"{1: 2, 3: 7, 6: 3}",{2: 3}
sub-via108,DRCMR,{1: 2},"{1: 2, 2: 3, 5: 5}"
sub-via142,DRCMR,"{1: 2, 2: 2, 7: 4}","{2: 2, 5: 8}"
sub-via169,DRCMR,"{1: 2, 3: 8, 5: 2}","{3: 2, 4: 2, 7: 4}"
sub-via179,DRCMR,"{1: 2, 3: 2, 4: 8, 7: 2}","{3: 3, 4: 2}"
sub-via261,DRCMR,{1: 3},"{1: 2, 2: 2}"
sub-via334,DRCMR,{3: 3},{5: 5}
sub-via312,DRCMR,"{1: 2, 2: 4, 3: 3, 4: 5, 5: 2, 8: 3}","{1: 2, 3: 5, 4: 2, 5: 2, 7: 2, 9: 10}"
sub-via218,DRCMR,"{6: 2, 9: 2, 10: 3}",{1: 5}
sub-via374,DRCMR,"{2: 2, 4: 4, 5: 2}","{1: 6, 4: 3}"
sub-via426,DRCMR,"{3: 2, 4: 3, 5: 3, 6: 3}",{}
sub-via492,DRCMR,"{2: 2, 4: 2}",{}
sub-via122,DRCMR,"{1: 3, 2: 2, 3: 3, 4: 5, 6: 5}","{4: 7, 6: 5}"
sub-via121,DRCMR,"{1: 4, 2: 4}","{3: 2, 5: 3, 7: 2, 8: 2, 9: 3}"
sub-via141,DRCMR,"{1: 3, 2: 3, 5: 3, 8: 2}","{1: 2, 2: 2, 4: 6}"
sub-via347,DRCMR,"{1: 2, 3: 2, 10: 2}","{1: 5, 4: 2}"
sub-via165,DRCMR,"{2: 2, 6: 8, 9: 3}","{4: 2, 5: 3, 8: 2, 10: 2, 11: 2}"
sub-via246,DRCMR,"{1: 2, 2: 2, 5: 8}","{1: 2, 2: 2}"
sub-via197,DRCMR,"{1: 4, 4: 2, 5: 2}","{1: 2, 2: 3, 6: 2, 7: 4, 8: 2, 10: 2}"
sub-via212,DRCMR,"{1: 2, 4: 3}","{1: 2, 2: 2}"
sub-via354,DRCMR,"{1: 5, 4: 2, 6: 4}","{4: 2, 6: 3}"
sub-via033,DRCMR,"{2: 5, 3: 2, 6: 3, 7: 2, 8: 2}","{4: 2, 5: 2}"
sub-via521,DRCMR,"{1: 4, 3: 4, 5: 3, 6: 3}","{1: 2, 2: 3, 3: 2, 5: 4, 6: 2, 7: 3, 12: 4}"
sub-via240,DRCMR,"{1: 2, 2: 3, 4: 4, 5: 3, 6: 2, 7: 2, 8: 2}","{1: 2, 4: 4}"
sub-via190,DRCMR,"{2: 5, 4: 3, 6: 4, 7: 2}","{2: 2, 3: 7, 4: 2}"
sub-via030,DRCMR,"{1: 3, 2: 2, 5: 4, 10: 6}","{1: 2, 4: 2, 5: 10}"
sub-via026,DRCMR,"{2: 2, 3: 2}","{2: 3, 3: 4}"
